DROP TABLE IF EXISTS "character";
CREATE TABLE "character" ("id" INTEGER PRIMARY KEY  NOT NULL ,"name" VARCHAR(25) NOT NULL ,"race_id" VARCHAR(25) NOT NULL ,"job_id" VARCHAR(25) NOT NULL,"supjob_id" VARCHAR(25));
INSERT INTO "character" VALUES(1,'Dan','Human','Monk','WhiteMage');
INSERT INTO "character" VALUES(2,'Bill','Human','Monk','Warrior');
INSERT INTO "character" VALUES(3,'Dan','Human','Warrior','Monk');
INSERT INTO "character" VALUES(4,'Bill','Human','Monk','Warrior');
INSERT INTO "character" VALUES(5,'Dan','Human','Warrior','Monk');
INSERT INTO "character" VALUES(6,'Bill','Human','Monk',NULL);
DROP TABLE IF EXISTS "collection";
CREATE TABLE "collection" ("id" INTEGER PRIMARY KEY  NOT NULL ,"user_id" VARCHAR(50) NOT NULL ,"char_id" INTEGER NOT NULL ,"party" BOOL DEFAULT 0 );
INSERT INTO "collection" VALUES(1,'U55555',1,1);
INSERT INTO "collection" VALUES(2,'U55555',2,0);
INSERT INTO "collection" VALUES(3,'U66666',3,1);
INSERT INTO "collection" VALUES(4,'U66666',4,1);
INSERT INTO "collection" VALUES(5,'6397D24E-299F-594E-BEE1-C1BBEA6C0B9E',5,1);
INSERT INTO "collection" VALUES(6,'6397D24E-299F-594E-BEE1-C1BBEA6C0B9E',6,1);
DROP TABLE IF EXISTS "job";
CREATE TABLE "job" ("id" INTEGER PRIMARY KEY  NOT NULL ,"char_id" INTEGER NOT NULL ,"type_id" VARCHAR(25) NOT NULL ,"level" INTEGER DEFAULT 1 ,"exp" INTEGER DEFAULT 0 ,"hp" INTEGER DEFAULT 0 ,"mp" INTEGER DEFAULT 0 ,"time" DOUBLE DEFAULT 0 );
INSERT INTO "job" VALUES(1,1,'Warrior',75,0,0,0,0);
INSERT INTO "job" VALUES(2,3,'Warrior',75,0,0,0,0);
INSERT INTO "job" VALUES(3,5,'Warrior',75,0,0,0,0);
INSERT INTO "job" VALUES(4,2,'Monk',60,0,0,0,0);
INSERT INTO "job" VALUES(6,4,'Monk',60,0,0,0,0);
INSERT INTO "job" VALUES(7,6,'Monk',60,0,0,0,0);
INSERT INTO "job" VALUES(8,1,'Monk',60,0,0,0,0);
INSERT INTO "job" VALUES(9,3,'Monk',60,0,0,0,0);
INSERT INTO "job" VALUES(10,5,'Monk',60,0,0,0,0);
INSERT INTO "job" VALUES(11,2,'Warrior',75,0,0,0,0);
INSERT INTO "job" VALUES(12,4,'Warrior',75,0,0,0,0);
INSERT INTO "job" VALUES(13,6,'Warrior',75,0,0,0,0);
INSERT INTO "job" VALUES(14,1,'Summoner',12,0,0,0,0);
INSERT INTO "job" VALUES(15,1,'WhiteMage',30,0,0,0,0);
DROP TABLE IF EXISTS "scale";
CREATE TABLE "scale" ("id" CHAR PRIMARY KEY  NOT NULL ,"scaleHP" REAL DEFAULT 0 ,"baseHP" REAL DEFAULT 0 ,"scaleHPXXX" REAL DEFAULT 0 ,"scaleMP" REAL DEFAULT 0 ,"baseMP" REAL DEFAULT 0 ,"scaleSTATS" REAL DEFAULT 0 ,"baseSTATS" REAL DEFAULT 0 );
INSERT INTO "scale" VALUES('A',9,19,1,6,16,0.5,5);
INSERT INTO "scale" VALUES('B',8,17,1,5,14,0.45,4);
INSERT INTO "scale" VALUES('C',7,16,1,4,12,0.4,4);
INSERT INTO "scale" VALUES('D',6,14,0,3,10,0.35,3);
INSERT INTO "scale" VALUES('E',5,13,0,2,8,0.3,3);
INSERT INTO "scale" VALUES('F',4,11,0,1,6,0.25,2);
INSERT INTO "scale" VALUES('G',3,10,0,0.5,4,0.2,2);
DROP TABLE IF EXISTS "skill";
CREATE TABLE "skill" ("id" VARCHAR(25) PRIMARY KEY  NOT NULL , "desc" TEXT, "mp_cost" INTEGER DEFAULT 0, "attribute" VARCHAR(25), "duration" INTEGER DEFAULT 0, "aoe" BOOL DEFAULT 0, "passive" BOOL DEFAULT 0);
DROP TABLE IF EXISTS "skill_obtained";
CREATE TABLE "skill_obtained" ("id" INTEGER PRIMARY KEY  NOT NULL ,"job_id" INTEGER NOT NULL ,"skill_id" VARCHAR(25) NOT NULL);
DROP TABLE IF EXISTS "skill_set";
CREATE TABLE "skill_set" ("id" INTEGER PRIMARY KEY  NOT NULL ,"type_id" VARCHAR(25) NOT NULL ,"skill_id" VARCHAR(25) NOT NULL ,"level" INTEGER DEFAULT 1 );
DROP TABLE IF EXISTS "type";
CREATE TABLE "type" ("id" VARCHAR(25) PRIMARY KEY  NOT NULL ,"hp" CHAR,"mp" CHAR,"str" CHAR,"dex" CHAR,"vit" CHAR,"agi" CHAR,"int" CHAR,"mnd" CHAR);
INSERT INTO "type" VALUES('Human','D','D','D','D','D','D','D','D');
INSERT INTO "type" VALUES('Warrior','B','X','A','C','D','C','F','F');
INSERT INTO "type" VALUES('Monk','A','X','C','B','A','F','G','D');
INSERT INTO "type" VALUES('Summoner','G','A','G','D','G','D','B','C');
INSERT INTO "type" VALUES('WhiteMage','E','C','D','F','D','E','E','A');
DROP TABLE IF EXISTS "user";
CREATE TABLE "user" ("id" VARCHAR(50) PRIMARY KEY  NOT NULL ,"name" VARCHAR(25) NOT NULL );
INSERT INTO "user" VALUES('U55555','Vito');
INSERT INTO "user" VALUES('U66666','Caio');
INSERT INTO "user" VALUES('6397D24E-299F-594E-BEE1-C1BBEA6C0B9E','Pino');
